-- phpMyAdmin SQL Dump
-- version 5.2.1
-- https://www.phpmyadmin.net/
--
-- Host: 127.0.0.1
-- Generation Time: May 30, 2023 at 03:33 PM
-- Server version: 10.4.28-MariaDB
-- PHP Version: 8.2.4

SET SQL_MODE = "NO_AUTO_VALUE_ON_ZERO";
START TRANSACTION;
SET time_zone = "+00:00";


/*!40101 SET @OLD_CHARACTER_SET_CLIENT=@@CHARACTER_SET_CLIENT */;
/*!40101 SET @OLD_CHARACTER_SET_RESULTS=@@CHARACTER_SET_RESULTS */;
/*!40101 SET @OLD_COLLATION_CONNECTION=@@COLLATION_CONNECTION */;
/*!40101 SET NAMES utf8mb4 */;

--
-- Database: `skripsi-arip`
--

-- --------------------------------------------------------

--
-- Table structure for table `items`
--

CREATE TABLE `items` (
  `id` int(11) NOT NULL,
  `code` varchar(32) NOT NULL,
  `name` varchar(128) NOT NULL,
  `price` varchar(256) NOT NULL,
  `stock` varchar(256) NOT NULL,
  `created_at` datetime NOT NULL,
  `updated_at` datetime NOT NULL,
  `id_user` int(11) NOT NULL
) ENGINE=InnoDB DEFAULT CHARSET=utf8mb4 COLLATE=utf8mb4_general_ci;

--
-- Dumping data for table `items`
--

INSERT INTO `items` (`id`, `code`, `name`, `price`, `stock`, `created_at`, `updated_at`, `id_user`) VALUES
(3, '001', 'Hufagrip Flu Syr 60 ml (Kuning)', '19800', '1000', '2023-05-01 07:34:22', '2023-05-01 07:34:22', 1),
(4, '002', 'Insto Eye Drop 7,5ml', '12200', '1000', '2023-05-01 07:35:30', '2023-05-01 07:35:30', 1),
(7, 'OBAT003', 'Paracetamol Tab PIM', '15000', '30', '2023-05-01 12:57:11', '2023-05-01 12:57:11', 1),
(8, 'ITM20230502191518', 'Dexteem plus', '17000', '0', '2023-05-01 12:57:11', '2023-05-02 19:15:27', 1),
(10, 'OBAT006', 'Obat F', '25000', '50', '2023-05-01 12:57:11', '2023-05-01 12:57:11', 1),
(11, 'OBAT007', 'Obat G', '30000', '60', '2023-05-01 12:57:11', '2023-05-01 12:57:11', 1),
(12, 'OBAT008', 'Obat H', '18000', '70', '2023-05-01 12:57:11', '2023-05-01 12:57:11', 1),
(13, 'OBAT009', 'Obat I', '22000', '80', '2023-05-01 12:57:11', '2023-05-01 12:57:11', 1),
(14, 'OBAT010', 'Obat J', '28000', '90', '2023-05-01 12:57:11', '2023-05-01 12:57:11', 1),
(15, 'OBAT011', 'Obat K', '24000', '100', '2023-05-01 12:57:11', '2023-05-01 12:57:11', 1),
(16, 'OBAT012', 'Obat L', '35000', '110', '2023-05-01 12:57:11', '2023-05-01 12:57:11', 1),
(17, 'OBAT013', 'Obat M', '18000', '120', '2023-05-01 12:57:11', '2023-05-01 12:57:11', 1),
(18, 'OBAT014', 'Obat N', '40000', '130', '2023-05-01 12:57:11', '2023-05-01 12:57:11', 1),
(19, 'OBAT015', 'Obat O', '21000', '140', '2023-05-01 12:57:11', '2023-05-01 12:57:11', 1),
(20, 'OBAT016', 'Obat P', '29000', '150', '2023-05-01 12:57:11', '2023-05-01 12:57:11', 1),
(21, 'OBAT017', 'Obat Q', '32000', '160', '2023-05-01 12:57:11', '2023-05-01 12:57:11', 1),
(22, 'OBAT018', 'Obat R', '27000', '170', '2023-05-01 12:57:11', '2023-05-01 12:57:11', 1),
(23, 'OBAT019', 'Obat S', '23000', '180', '2023-05-01 12:57:11', '2023-05-01 12:57:11', 1),
(24, 'OBAT020', 'Obat T', '26000', '190', '2023-05-01 12:57:11', '2023-05-01 12:57:11', 1),
(25, '01248', 'Hufagrip BP Syr (Hijau)', '16500', '10000', '2023-05-02 17:40:10', '2023-05-02 17:40:10', 1),
(26, 'ITM20230502181623', 'Pimtrakol Syr Cherry', '13100', '0', '2023-05-02 18:16:35', '2023-05-02 18:16:35', 1),
(27, 'ITM20230502181859', 'Pimtrakol Syr Lemon', '13100', '0', '2023-05-02 18:19:13', '2023-05-02 18:19:13', 1),
(28, 'ITM20230502182018', 'Voltadex Tab 50', '26000', '0', '2023-05-02 18:20:29', '2023-05-02 18:20:29', 1),
(29, 'ITM20230502182956', 'OBH Combi Flu Dewasa 100ml', '12700', '0', '2023-05-02 18:30:08', '2023-05-02 18:30:08', 1),
(30, 'ITM20230502183051', 'OBH Combi Flu Dewasa 60ml', '12100', '0', '2023-05-02 18:30:59', '2023-05-02 18:30:59', 1),
(31, 'ITM20230502183640', 'Demacolin Tab', '40000', '0', '2023-05-02 18:36:52', '2023-05-02 18:36:52', 1),
(32, 'ITM20230502183838', 'OBH Combi Flu Anak Straw', '12100', '0', '2023-05-02 18:38:46', '2023-05-02 18:38:46', 1),
(33, 'ITM20230502183937', 'OBH ITRASAL 100 ml', '7100', '0', '2023-05-02 18:39:46', '2023-05-02 18:39:46', 1),
(34, 'ITM20230502184129', 'Demacolin Syr', '12000', '0', '2023-05-02 18:41:51', '2023-05-02 18:41:51', 1),
(35, 'ITM20230502184235', 'Yusimox Syr', '5200', '0', '2023-05-02 18:42:46', '2023-05-02 18:42:46', 1),
(36, 'ITM20230502184300', 'OBH Combi Flu Anak Jeruk', '12100', '0', '2023-05-02 18:43:21', '2023-05-02 18:43:21', 1),
(37, 'ITM20230502184344', 'Paracetamol Syr NOVA', '3500', '0', '2023-05-02 18:43:53', '2023-05-02 18:43:53', 1),
(38, 'ITM20230502184412', 'Sanmol Syr', '14100', '0', '2023-05-02 18:44:24', '2023-05-02 18:44:24', 1),
(39, 'ITM20230502184454', 'OBH Combi Gepeng 100 ml', '12500', '0', '2023-05-02 18:45:02', '2023-05-02 18:45:02', 1),
(40, 'ITM20230502184524', 'Hufagrip Pilek SYR 60 ml (Biru)', '16500', '0', '2023-05-02 18:45:33', '2023-05-02 18:45:33', 1),
(41, 'ITM20230502185047', 'Rohto TM 7ML', '12500', '0', '2023-05-02 18:51:01', '2023-05-02 18:51:01', 1),
(42, 'ITM20230502185140', 'Rohto Cool TM 7ml', '12500', '0', '2023-05-02 18:51:49', '2023-05-02 18:51:49', 1),
(43, 'ITM20230502190259', 'Hufagrip TMP SYR 60 ml (Merah)', '15000', '0', '2023-05-02 19:03:20', '2023-05-02 19:03:20', 1),
(44, 'ITM20230502190419', 'Halmezyn Syr', '15000', '0', '2023-05-02 19:04:28', '2023-05-02 19:04:28', 1),
(45, 'ITM20230502190830', 'Halfilyn Syr', '15000', '0', '2023-05-02 19:08:42', '2023-05-02 19:08:42', 1),
(46, 'ITM20230502191128', 'Bronchitin Syr', '17000', '0', '2023-05-02 19:11:34', '2023-05-02 19:11:34', 1),
(47, 'ITM20230502191155', 'Peditox', '17000', '0', '2023-05-02 19:11:57', '2023-05-02 19:11:57', 1);

-- --------------------------------------------------------

--
-- Table structure for table `sales`
--

CREATE TABLE `sales` (
  `id` int(11) NOT NULL,
  `code` varchar(32) NOT NULL,
  `sold` varchar(256) NOT NULL,
  `month` varchar(16) NOT NULL,
  `year` varchar(16) NOT NULL,
  `created_at` datetime NOT NULL,
  `updated_at` datetime NOT NULL,
  `id_item` int(11) NOT NULL,
  `id_user` int(11) NOT NULL
) ENGINE=InnoDB DEFAULT CHARSET=utf8mb4 COLLATE=utf8mb4_general_ci;

--
-- Dumping data for table `sales`
--

INSERT INTO `sales` (`id`, `code`, `sold`, `month`, `year`, `created_at`, `updated_at`, `id_item`, `id_user`) VALUES
(34, 'SALE20230502202040', '1000', '1', '2019', '2023-05-02 20:22:50', '2023-05-02 20:22:50', 47, 1),
(35, 'SALE20230502202937', '1000', '1', '2023', '2023-05-02 20:29:50', '2023-05-02 20:29:50', 3, 1),
(50, 'SALE20230530043649', '12', '1', '2023', '2023-05-30 04:36:56', '2023-05-30 04:36:56', 47, 1),
(52, 'SALE20230530043649', '34', '3', '2023', '2023-05-30 04:36:56', '2023-05-30 04:36:56', 47, 1),
(53, 'SALE20230530043649', '234', '4', '2023', '2023-05-30 04:36:56', '2023-05-30 04:36:56', 47, 1),
(54, 'SALE20230530043649', '234', '5', '2023', '2023-05-30 04:36:56', '2023-05-30 04:36:56', 47, 1),
(55, 'SALE20230530043649', '12312', '6', '2023', '2023-05-30 04:36:56', '2023-05-30 04:36:56', 47, 1),
(56, 'SALE20230530050955', '1000', '2', '2021', '2023-05-30 05:12:14', '2023-05-30 05:12:14', 47, 1),
(57, 'SALE20230530051221', '10', '3', '2021', '2023-05-30 05:15:06', '2023-05-30 05:15:06', 47, 1),
(58, 'SALE20230530051515', '1', '4', '2021', '2023-05-30 05:15:20', '2023-05-30 05:15:20', 47, 1),
(59, 'SALE20230530051706', '1231', '5', '2021', '2023-05-30 05:17:10', '2023-05-30 05:17:10', 47, 1),
(60, 'SALE20230530051913', '103', '6', '2021', '2023-05-30 05:19:17', '2023-05-30 05:19:17', 47, 1),
(61, 'SALE20230530051918', '100', '7', '2021', '2023-05-30 05:32:03', '2023-05-30 05:32:03', 47, 1),
(62, 'SALE20230530053210', '100', '1', '2022', '2023-05-30 05:32:27', '2023-05-30 05:32:27', 47, 1),
(63, 'SALE20230530053210', '931', '2', '2022', '2023-05-30 05:32:27', '2023-05-30 05:32:27', 47, 1),
(64, 'SALE20230530053210', '83', '3', '2022', '2023-05-30 05:32:27', '2023-05-30 05:32:27', 47, 1),
(65, 'SALE20230530053210', '74', '4', '2022', '2023-05-30 05:32:27', '2023-05-30 05:32:27', 47, 1),
(66, 'SALE20230530053210', '7', '5', '2022', '2023-05-30 05:32:27', '2023-05-30 05:32:27', 47, 1),
(67, 'SALE20230530053210', '932', '6', '2022', '2023-05-30 05:32:27', '2023-05-30 05:32:27', 47, 1),
(68, 'SALE20230530053210', '79792', '7', '2022', '2023-05-30 05:32:27', '2023-05-30 05:32:27', 47, 1),
(69, 'SALE20230530053210', '7287', '8', '2022', '2023-05-30 05:32:27', '2023-05-30 05:32:27', 47, 1),
(70, 'SALE20230530053210', '727', '9', '2022', '2023-05-30 05:32:27', '2023-05-30 05:32:27', 47, 1),
(71, 'SALE20230530053210', '737', '10', '2022', '2023-05-30 05:32:27', '2023-05-30 05:32:27', 47, 1),
(72, 'SALE20230530053210', '737', '11', '2022', '2023-05-30 05:32:27', '2023-05-30 05:32:27', 47, 1),
(73, 'SALE20230530053210', '234', '12', '2022', '2023-05-30 05:32:27', '2023-05-30 05:32:27', 47, 1),
(74, 'SALE20230530053233', '123', '8', '2021', '2023-05-30 05:32:40', '2023-05-30 05:32:40', 47, 1),
(75, 'SALE20230530053233', '124', '9', '2021', '2023-05-30 05:32:40', '2023-05-30 05:32:40', 47, 1),
(76, 'SALE20230530053233', '345', '10', '2021', '2023-05-30 05:32:40', '2023-05-30 05:32:40', 47, 1),
(77, 'SALE20230530053233', '34', '11', '2021', '2023-05-30 05:32:40', '2023-05-30 05:32:40', 47, 1),
(78, 'SALE20230530053233', '423', '12', '2021', '2023-05-30 05:32:40', '2023-05-30 05:32:40', 47, 1),
(79, 'SALE20230530053951', '1123', '1', '2023', '2023-05-30 05:39:55', '2023-05-30 05:39:55', 46, 1),
(80, 'SALE20230530053957', '10', '2', '2023', '2023-05-30 05:41:39', '2023-05-30 05:41:39', 46, 1),
(81, 'SALE20230530053957', '10', '3', '2023', '2023-05-30 05:41:39', '2023-05-30 05:41:39', 46, 1),
(82, 'SALE20230530053957', '10', '4', '2023', '2023-05-30 05:41:39', '2023-05-30 05:41:39', 46, 1),
(83, 'SALE20230530053957', '10', '5', '2023', '2023-05-30 05:41:39', '2023-05-30 05:41:39', 46, 1),
(84, 'SALE20230530053957', '10', '6', '2023', '2023-05-30 05:41:39', '2023-05-30 05:41:39', 46, 1),
(85, 'SALE20230530055849', '123', '1', '2023', '2023-05-30 05:58:57', '2023-05-30 05:58:57', 45, 1),
(86, 'SALE20230530055849', '123', '2', '2023', '2023-05-30 05:58:57', '2023-05-30 05:58:57', 45, 1),
(87, 'SALE20230530055849', '123', '3', '2023', '2023-05-30 05:58:57', '2023-05-30 05:58:57', 45, 1),
(88, 'SALE20230530055849', '42', '4', '2023', '2023-05-30 05:58:57', '2023-05-30 05:58:57', 45, 1),
(89, 'SALE20230530055849', '243', '5', '2023', '2023-05-30 05:58:57', '2023-05-30 05:58:57', 45, 1),
(90, 'SALE20230530055849', '234', '6', '2023', '2023-05-30 05:58:57', '2023-05-30 05:58:57', 45, 1),
(91, 'SALE20230530060350', '1', '1', '2023', '2023-05-30 06:03:53', '2023-05-30 06:03:53', 44, 1),
(92, 'SALE20230530060409', '1', '2', '2023', '2023-05-30 06:04:16', '2023-05-30 06:04:16', 44, 1),
(93, 'SALE20230530060409', '213', '3', '2023', '2023-05-30 06:04:16', '2023-05-30 06:04:16', 44, 1),
(94, 'SALE20230530060409', '123', '4', '2023', '2023-05-30 06:04:16', '2023-05-30 06:04:16', 44, 1),
(95, 'SALE20230530060409', '123', '5', '2023', '2023-05-30 06:04:16', '2023-05-30 06:04:16', 44, 1),
(96, 'SALE20230530060409', '1231', '6', '2023', '2023-05-30 06:04:16', '2023-05-30 06:04:16', 44, 1),
(97, 'SALE20230530060625', '1231', '1', '2022', '2023-05-30 06:06:42', '2023-05-30 06:06:42', 46, 1),
(98, 'SALE20230530060625', '123123', '2', '2022', '2023-05-30 06:06:42', '2023-05-30 06:06:42', 46, 1),
(99, 'SALE20230530060625', '123', '3', '2022', '2023-05-30 06:06:42', '2023-05-30 06:06:42', 46, 1),
(100, 'SALE20230530060625', '12312', '4', '2022', '2023-05-30 06:06:42', '2023-05-30 06:06:42', 46, 1),
(101, 'SALE20230530060625', '1231123', '5', '2022', '2023-05-30 06:06:42', '2023-05-30 06:06:42', 46, 1),
(102, 'SALE20230530060625', '123123', '6', '2022', '2023-05-30 06:06:42', '2023-05-30 06:06:42', 46, 1),
(103, 'SALE20230530060625', '21323', '7', '2022', '2023-05-30 06:06:42', '2023-05-30 06:06:42', 46, 1),
(104, 'SALE20230530060625', '123', '8', '2022', '2023-05-30 06:06:42', '2023-05-30 06:06:42', 46, 1),
(105, 'SALE20230530060625', '12312', '9', '2022', '2023-05-30 06:06:42', '2023-05-30 06:06:42', 46, 1),
(106, 'SALE20230530060625', '425', '10', '2022', '2023-05-30 06:06:42', '2023-05-30 06:06:42', 46, 1),
(107, 'SALE20230530060625', '43534', '11', '2022', '2023-05-30 06:06:42', '2023-05-30 06:06:42', 46, 1),
(108, 'SALE20230530060625', '3443', '12', '2022', '2023-05-30 06:06:42', '2023-05-30 06:06:42', 46, 1),
(109, 'SALE20230530060704', '12312', '1', '2021', '2023-05-30 06:07:17', '2023-05-30 06:07:17', 46, 1),
(110, 'SALE20230530060704', '123124', '2', '2021', '2023-05-30 06:07:17', '2023-05-30 06:07:17', 46, 1),
(111, 'SALE20230530060704', '2412', '3', '2021', '2023-05-30 06:07:17', '2023-05-30 06:07:17', 46, 1),
(112, 'SALE20230530060704', '543', '4', '2021', '2023-05-30 06:07:17', '2023-05-30 06:07:17', 46, 1),
(113, 'SALE20230530060704', '3454', '5', '2021', '2023-05-30 06:07:17', '2023-05-30 06:07:17', 46, 1),
(114, 'SALE20230530060704', '4553', '6', '2021', '2023-05-30 06:07:17', '2023-05-30 06:07:17', 46, 1),
(115, 'SALE20230530060704', '34534', '7', '2021', '2023-05-30 06:07:17', '2023-05-30 06:07:17', 46, 1),
(116, 'SALE20230530060704', '345345', '8', '2021', '2023-05-30 06:07:17', '2023-05-30 06:07:17', 46, 1),
(117, 'SALE20230530060704', '345', '9', '2021', '2023-05-30 06:07:17', '2023-05-30 06:07:17', 46, 1),
(118, 'SALE20230530060704', '435', '10', '2021', '2023-05-30 06:07:17', '2023-05-30 06:07:17', 46, 1),
(119, 'SALE20230530060704', '34534', '11', '2021', '2023-05-30 06:07:17', '2023-05-30 06:07:17', 46, 1),
(120, 'SALE20230530060704', '3453', '12', '2021', '2023-05-30 06:07:17', '2023-05-30 06:07:17', 46, 1),
(121, 'SALE20230530060730', '4234', '1', '2022', '2023-05-30 06:07:45', '2023-05-30 06:07:45', 45, 1),
(122, 'SALE20230530060730', '45', '2', '2022', '2023-05-30 06:07:45', '2023-05-30 06:07:45', 45, 1),
(123, 'SALE20230530060730', '7456', '3', '2022', '2023-05-30 06:07:45', '2023-05-30 06:07:45', 45, 1),
(124, 'SALE20230530060730', '45', '4', '2022', '2023-05-30 06:07:45', '2023-05-30 06:07:45', 45, 1),
(125, 'SALE20230530060730', '5634', '5', '2022', '2023-05-30 06:07:45', '2023-05-30 06:07:45', 45, 1),
(126, 'SALE20230530060730', '546', '6', '2022', '2023-05-30 06:07:45', '2023-05-30 06:07:45', 45, 1),
(127, 'SALE20230530060730', '78', '7', '2022', '2023-05-30 06:07:45', '2023-05-30 06:07:45', 45, 1),
(128, 'SALE20230530060730', '67', '8', '2022', '2023-05-30 06:07:45', '2023-05-30 06:07:45', 45, 1),
(129, 'SALE20230530060730', '67', '9', '2022', '2023-05-30 06:07:45', '2023-05-30 06:07:45', 45, 1),
(130, 'SALE20230530060730', '56', '10', '2022', '2023-05-30 06:07:45', '2023-05-30 06:07:45', 45, 1),
(131, 'SALE20230530060730', '57', '11', '2022', '2023-05-30 06:07:45', '2023-05-30 06:07:45', 45, 1),
(132, 'SALE20230530060730', '576', '12', '2022', '2023-05-30 06:07:45', '2023-05-30 06:07:45', 45, 1),
(133, 'SALE20230530060748', '657', '1', '2021', '2023-05-30 06:07:55', '2023-05-30 06:07:55', 45, 1),
(134, 'SALE20230530060748', '354', '2', '2021', '2023-05-30 06:07:55', '2023-05-30 06:07:55', 45, 1),
(135, 'SALE20230530060748', '46', '3', '2021', '2023-05-30 06:07:55', '2023-05-30 06:07:55', 45, 1),
(136, 'SALE20230530060748', '56', '4', '2021', '2023-05-30 06:07:55', '2023-05-30 06:07:55', 45, 1),
(137, 'SALE20230530060748', '567', '5', '2021', '2023-05-30 06:07:55', '2023-05-30 06:07:55', 45, 1),
(138, 'SALE20230530061320', '111', '2', '2023', '2023-05-30 06:13:23', '2023-05-30 06:13:23', 47, 1),
(139, 'SALE20230530061326', '111', '1', '2021', '2023-05-30 06:13:28', '2023-05-30 06:13:28', 47, 1),
(140, 'SALE20230530062849', '1', '6', '2021', '2023-05-30 06:28:56', '2023-05-30 06:28:56', 45, 1),
(141, 'SALE20230530062849', '12', '7', '2021', '2023-05-30 06:28:56', '2023-05-30 06:28:56', 45, 1),
(142, 'SALE20230530062849', '31', '8', '2021', '2023-05-30 06:28:56', '2023-05-30 06:28:56', 45, 1),
(143, 'SALE20230530062849', '234', '9', '2021', '2023-05-30 06:28:56', '2023-05-30 06:28:56', 45, 1),
(144, 'SALE20230530062849', '24', '10', '2021', '2023-05-30 06:28:56', '2023-05-30 06:28:56', 45, 1),
(145, 'SALE20230530062849', '234', '11', '2021', '2023-05-30 06:28:56', '2023-05-30 06:28:56', 45, 1),
(146, 'SALE20230530063152', '11', '12', '2021', '2023-05-30 06:31:54', '2023-05-30 06:31:54', 45, 1),
(147, 'SALE20230530065549', '213', '1', '2022', '2023-05-30 06:56:01', '2023-05-30 06:56:01', 44, 1),
(148, 'SALE20230530065549', '132', '2', '2022', '2023-05-30 06:56:01', '2023-05-30 06:56:01', 44, 1),
(149, 'SALE20230530065549', '132', '3', '2022', '2023-05-30 06:56:01', '2023-05-30 06:56:01', 44, 1),
(150, 'SALE20230530065549', '35', '4', '2022', '2023-05-30 06:56:01', '2023-05-30 06:56:01', 44, 1),
(151, 'SALE20230530065549', '34', '5', '2022', '2023-05-30 06:56:01', '2023-05-30 06:56:01', 44, 1),
(152, 'SALE20230530065549', '3435', '6', '2022', '2023-05-30 06:56:01', '2023-05-30 06:56:01', 44, 1),
(153, 'SALE20230530065549', '4', '7', '2022', '2023-05-30 06:56:01', '2023-05-30 06:56:01', 44, 1),
(154, 'SALE20230530065549', '34', '8', '2022', '2023-05-30 06:56:01', '2023-05-30 06:56:01', 44, 1),
(155, 'SALE20230530065549', '35', '9', '2022', '2023-05-30 06:56:01', '2023-05-30 06:56:01', 44, 1),
(156, 'SALE20230530065549', '34', '10', '2022', '2023-05-30 06:56:01', '2023-05-30 06:56:01', 44, 1),
(157, 'SALE20230530065549', '34', '11', '2022', '2023-05-30 06:56:01', '2023-05-30 06:56:01', 44, 1),
(158, 'SALE20230530065549', '34', '12', '2022', '2023-05-30 06:56:01', '2023-05-30 06:56:01', 44, 1),
(159, 'SALE20230530065604', '234', '1', '2021', '2023-05-30 06:56:16', '2023-05-30 06:56:16', 44, 1),
(160, 'SALE20230530065604', '234', '2', '2021', '2023-05-30 06:56:16', '2023-05-30 06:56:16', 44, 1),
(161, 'SALE20230530065604', '234', '3', '2021', '2023-05-30 06:56:16', '2023-05-30 06:56:16', 44, 1),
(162, 'SALE20230530065604', '234', '4', '2021', '2023-05-30 06:56:16', '2023-05-30 06:56:16', 44, 1),
(163, 'SALE20230530065604', '243', '5', '2021', '2023-05-30 06:56:16', '2023-05-30 06:56:16', 44, 1),
(164, 'SALE20230530065604', '324', '6', '2021', '2023-05-30 06:56:16', '2023-05-30 06:56:16', 44, 1),
(165, 'SALE20230530065604', '234', '7', '2021', '2023-05-30 06:56:16', '2023-05-30 06:56:16', 44, 1),
(166, 'SALE20230530065604', '234', '8', '2021', '2023-05-30 06:56:16', '2023-05-30 06:56:16', 44, 1),
(167, 'SALE20230530065604', '423', '9', '2021', '2023-05-30 06:56:16', '2023-05-30 06:56:16', 44, 1),
(168, 'SALE20230530065604', '324', '10', '2021', '2023-05-30 06:56:16', '2023-05-30 06:56:16', 44, 1),
(169, 'SALE20230530065604', '234', '11', '2021', '2023-05-30 06:56:16', '2023-05-30 06:56:16', 44, 1),
(170, 'SALE20230530065604', '53', '12', '2021', '2023-05-30 06:56:16', '2023-05-30 06:56:16', 44, 1),
(171, 'SALE20230530071227', '213', '2', '2023', '2023-05-30 07:12:36', '2023-05-30 07:12:36', 3, 1),
(172, 'SALE20230530071227', '123', '3', '2023', '2023-05-30 07:12:36', '2023-05-30 07:12:36', 3, 1),
(173, 'SALE20230530071227', '132', '4', '2023', '2023-05-30 07:12:36', '2023-05-30 07:12:36', 3, 1),
(174, 'SALE20230530071227', '243', '5', '2023', '2023-05-30 07:12:36', '2023-05-30 07:12:36', 3, 1),
(175, 'SALE20230530071227', '324', '6', '2023', '2023-05-30 07:12:36', '2023-05-30 07:12:36', 3, 1),
(176, 'SALE20230530071239', '324', '1', '2022', '2023-05-30 07:12:51', '2023-05-30 07:12:51', 3, 1),
(177, 'SALE20230530071239', '234', '2', '2022', '2023-05-30 07:12:51', '2023-05-30 07:12:51', 3, 1),
(178, 'SALE20230530071239', '345', '3', '2022', '2023-05-30 07:12:51', '2023-05-30 07:12:51', 3, 1),
(179, 'SALE20230530071239', '423', '4', '2022', '2023-05-30 07:12:51', '2023-05-30 07:12:51', 3, 1),
(180, 'SALE20230530071239', '23445', '5', '2022', '2023-05-30 07:12:51', '2023-05-30 07:12:51', 3, 1),
(181, 'SALE20230530071239', '34', '6', '2022', '2023-05-30 07:12:51', '2023-05-30 07:12:51', 3, 1),
(182, 'SALE20230530071239', '54', '7', '2022', '2023-05-30 07:12:51', '2023-05-30 07:12:51', 3, 1),
(183, 'SALE20230530071239', '45', '8', '2022', '2023-05-30 07:12:51', '2023-05-30 07:12:51', 3, 1),
(184, 'SALE20230530071239', '43', '9', '2022', '2023-05-30 07:12:51', '2023-05-30 07:12:51', 3, 1),
(185, 'SALE20230530071239', '543', '10', '2022', '2023-05-30 07:12:51', '2023-05-30 07:12:51', 3, 1),
(186, 'SALE20230530071239', '34', '11', '2022', '2023-05-30 07:12:51', '2023-05-30 07:12:51', 3, 1),
(187, 'SALE20230530071239', '43', '12', '2022', '2023-05-30 07:12:51', '2023-05-30 07:12:51', 3, 1),
(188, 'SALE20230530071254', '4334', '1', '2021', '2023-05-30 07:13:08', '2023-05-30 07:13:08', 3, 1),
(189, 'SALE20230530071254', '453', '2', '2021', '2023-05-30 07:13:08', '2023-05-30 07:13:08', 3, 1),
(190, 'SALE20230530071254', '43', '3', '2021', '2023-05-30 07:13:08', '2023-05-30 07:13:08', 3, 1),
(191, 'SALE20230530071254', '34', '4', '2021', '2023-05-30 07:13:08', '2023-05-30 07:13:08', 3, 1),
(200, 'SALE20230530073709', '134', '5', '2021', '2023-05-30 07:37:17', '2023-05-30 07:37:17', 3, 1),
(201, 'SALE20230530073709', '123', '6', '2021', '2023-05-30 07:37:17', '2023-05-30 07:37:17', 3, 1),
(202, 'SALE20230530073709', '132', '7', '2021', '2023-05-30 07:37:17', '2023-05-30 07:37:17', 3, 1),
(203, 'SALE20230530073709', '123', '8', '2021', '2023-05-30 07:37:17', '2023-05-30 07:37:17', 3, 1),
(204, 'SALE20230530073709', '213', '9', '2021', '2023-05-30 07:37:17', '2023-05-30 07:37:17', 3, 1),
(205, 'SALE20230530073709', '123', '10', '2021', '2023-05-30 07:37:17', '2023-05-30 07:37:17', 3, 1),
(206, 'SALE20230530073709', '123', '11', '2021', '2023-05-30 07:37:17', '2023-05-30 07:37:17', 3, 1),
(207, 'SALE20230530073709', '1231', '12', '2021', '2023-05-30 07:37:17', '2023-05-30 07:51:44', 3, 1),
(208, 'SALE20230530145047', '324', '1', '2021', '2023-05-30 14:50:57', '2023-05-30 14:50:57', 13, 1),
(209, 'SALE20230530145047', '23423', '2', '2021', '2023-05-30 14:50:57', '2023-05-30 14:50:57', 13, 1),
(210, 'SALE20230530145047', '243', '3', '2021', '2023-05-30 14:50:57', '2023-05-30 14:50:57', 13, 1),
(211, 'SALE20230530145047', '234', '4', '2021', '2023-05-30 14:50:57', '2023-05-30 14:50:57', 13, 1),
(212, 'SALE20230530145047', '243', '5', '2021', '2023-05-30 14:50:57', '2023-05-30 14:50:57', 13, 1),
(213, 'SALE20230530145047', '354', '6', '2021', '2023-05-30 14:50:57', '2023-05-30 14:50:57', 13, 1),
(214, 'SALE20230530145047', '3565', '7', '2021', '2023-05-30 14:50:57', '2023-05-30 14:50:57', 13, 1),
(215, 'SALE20230530145047', '234', '8', '2021', '2023-05-30 14:50:57', '2023-05-30 14:50:57', 13, 1),
(216, 'SALE20230530145047', '234', '9', '2021', '2023-05-30 14:50:57', '2023-05-30 14:50:57', 13, 1),
(217, 'SALE20230530145047', '324', '10', '2021', '2023-05-30 14:50:57', '2023-05-30 14:50:57', 13, 1),
(218, 'SALE20230530145047', '324', '11', '2021', '2023-05-30 14:50:57', '2023-05-30 14:50:57', 13, 1),
(219, 'SALE20230530145047', '23243', '12', '2021', '2023-05-30 14:50:57', '2023-05-30 14:50:57', 13, 1),
(220, 'SALE20230530145121', '3234', '1', '2022', '2023-05-30 14:51:32', '2023-05-30 14:51:32', 13, 1),
(221, 'SALE20230530145121', '243', '2', '2022', '2023-05-30 14:51:32', '2023-05-30 14:51:32', 13, 1),
(222, 'SALE20230530145121', '43234', '3', '2022', '2023-05-30 14:51:32', '2023-05-30 14:51:32', 13, 1),
(223, 'SALE20230530145121', '234', '4', '2022', '2023-05-30 14:51:32', '2023-05-30 14:51:32', 13, 1),
(224, 'SALE20230530145121', '324', '5', '2022', '2023-05-30 14:51:32', '2023-05-30 14:51:32', 13, 1),
(225, 'SALE20230530145121', '243', '6', '2022', '2023-05-30 14:51:32', '2023-05-30 14:51:32', 13, 1),
(226, 'SALE20230530145121', '24', '7', '2022', '2023-05-30 14:51:32', '2023-05-30 14:51:32', 13, 1),
(227, 'SALE20230530145121', '24', '8', '2022', '2023-05-30 14:51:32', '2023-05-30 14:51:32', 13, 1),
(228, 'SALE20230530145121', '243', '9', '2022', '2023-05-30 14:51:32', '2023-05-30 14:51:32', 13, 1),
(229, 'SALE20230530145121', '243', '10', '2022', '2023-05-30 14:51:32', '2023-05-30 14:51:32', 13, 1),
(230, 'SALE20230530145121', '243', '11', '2022', '2023-05-30 14:51:32', '2023-05-30 14:51:32', 13, 1),
(231, 'SALE20230530145121', '243', '12', '2022', '2023-05-30 14:51:32', '2023-05-30 14:51:32', 13, 1),
(232, 'SALE20230530145352', '342', '1', '2023', '2023-05-30 14:53:59', '2023-05-30 14:53:59', 13, 1),
(233, 'SALE20230530145352', '423', '2', '2023', '2023-05-30 14:53:59', '2023-05-30 14:53:59', 13, 1),
(234, 'SALE20230530145352', '435', '3', '2023', '2023-05-30 14:53:59', '2023-05-30 14:53:59', 13, 1),
(235, 'SALE20230530145352', '543', '4', '2023', '2023-05-30 14:53:59', '2023-05-30 14:53:59', 13, 1),
(236, 'SALE20230530145352', '3445', '5', '2023', '2023-05-30 14:53:59', '2023-05-30 14:53:59', 13, 1),
(237, 'SALE20230530145352', '345', '6', '2023', '2023-05-30 14:53:59', '2023-05-30 14:53:59', 13, 1);

-- --------------------------------------------------------

--
-- Table structure for table `users`
--

CREATE TABLE `users` (
  `id` int(11) NOT NULL,
  `fullname` varchar(128) NOT NULL,
  `email` varchar(256) NOT NULL,
  `password` varchar(256) NOT NULL,
  `phone` varchar(16) DEFAULT NULL,
  `address` varchar(16) DEFAULT NULL,
  `photo` varchar(128) DEFAULT NULL,
  `role` varchar(128) NOT NULL,
  `status` varchar(32) NOT NULL,
  `created_at` datetime NOT NULL,
  `updated_at` datetime NOT NULL
) ENGINE=InnoDB DEFAULT CHARSET=utf8mb4 COLLATE=utf8mb4_general_ci;

--
-- Dumping data for table `users`
--

INSERT INTO `users` (`id`, `fullname`, `email`, `password`, `phone`, `address`, `photo`, `role`, `status`, `created_at`, `updated_at`) VALUES
(1, 'Firmansyah Mukti Wijaya', 'iki.mukti@gmail.com', '$2y$10$kFdnH8qabK7IY7j6OATrBO9W5K.ev4CV/h/Jh7e9X1.FWvecG9ooq', '081216318022', 'Nglaban', 'profile.jpeg', 'user', 'active', '2023-05-01 05:21:56', '2023-05-01 05:21:56'),
(2, 'Purwanti', 'purwanti4official@gmail.com', '$2y$10$xlPzUYq38GRRcZaI1rqQVekgLMJTu9lTkroS/2YHgzMqkfbuTCJ62', '081216318022', 'Nglaban', 'bg.jpeg', 'user', 'active', '2023-05-01 05:24:41', '2023-05-01 05:24:41');

--
-- Indexes for dumped tables
--

--
-- Indexes for table `items`
--
ALTER TABLE `items`
  ADD PRIMARY KEY (`id`),
  ADD KEY `user_item_relation` (`id_user`);

--
-- Indexes for table `sales`
--
ALTER TABLE `sales`
  ADD PRIMARY KEY (`id`),
  ADD KEY `item_sale_relation` (`id_item`),
  ADD KEY `user_sale_relation` (`id_user`);

--
-- Indexes for table `users`
--
ALTER TABLE `users`
  ADD PRIMARY KEY (`id`);

--
-- AUTO_INCREMENT for dumped tables
--

--
-- AUTO_INCREMENT for table `items`
--
ALTER TABLE `items`
  MODIFY `id` int(11) NOT NULL AUTO_INCREMENT, AUTO_INCREMENT=48;

--
-- AUTO_INCREMENT for table `sales`
--
ALTER TABLE `sales`
  MODIFY `id` int(11) NOT NULL AUTO_INCREMENT, AUTO_INCREMENT=238;

--
-- AUTO_INCREMENT for table `users`
--
ALTER TABLE `users`
  MODIFY `id` int(11) NOT NULL AUTO_INCREMENT, AUTO_INCREMENT=3;

--
-- Constraints for dumped tables
--

--
-- Constraints for table `items`
--
ALTER TABLE `items`
  ADD CONSTRAINT `user_item_relation` FOREIGN KEY (`id_user`) REFERENCES `users` (`id`);

--
-- Constraints for table `sales`
--
ALTER TABLE `sales`
  ADD CONSTRAINT `item_sale_relation` FOREIGN KEY (`id_item`) REFERENCES `items` (`id`) ON DELETE CASCADE ON UPDATE CASCADE,
  ADD CONSTRAINT `user_sale_relation` FOREIGN KEY (`id_user`) REFERENCES `users` (`id`) ON DELETE CASCADE ON UPDATE CASCADE;
COMMIT;

/*!40101 SET CHARACTER_SET_CLIENT=@OLD_CHARACTER_SET_CLIENT */;
/*!40101 SET CHARACTER_SET_RESULTS=@OLD_CHARACTER_SET_RESULTS */;
/*!40101 SET COLLATION_CONNECTION=@OLD_COLLATION_CONNECTION */;
